{
  "$schema": "./node_modules/@angular/service-worker/config/schema.json",
  "index": "/index.html",
  "assetGroups": [
    {
      "name": "app",
      "installMode": "prefetch",
      "resources": {
        "files": [
          "/favicon.ico",
          "/index.html",
          "/manifest.webmanifest",
          "/*.css",
          "/*.js"
        ]
      }
    },
    {
      "name": "assets",
      "installMode": "lazy",
      "updateMode": "prefetch",
      "resources": {
        "files": [
          "/assets/**",
          "/*.(svg|cur|jpg|jpeg|png|apng|webp|avif|gif|otf|ttf|woff|woff2)"
        ]
      }
    }
  ],
  "dataGroups": [
    {
    "name": "id-topic",
    "urls": ["https://hacker-news.firebaseio.com/v0/askstories.json"],
    "cacheConfig": {
      "strategy": "freshness",
      "maxAge": "1h",
      "maxSize": 20,
      "timeout": "5s"
    }
  },
  {
    "name": "id-topic-data",
    "urls": ["https://hacker-news.firebaseio.com/v0/item/*"],
    "cacheConfig": {
      "strategy": "freshness",
      "maxAge": "1h",
      "maxSize": 100,
      "timeout": "5s"
    }
  }
]
}
